"","1.X","1.Y","1.Z","2.X","2.Y","2.Z","3.X","3.Y","3.Z","4.X","4.Y","4.Z","5.X","5.Y","5.Z","6.X","6.Y","6.Z","7.X","7.Y","7.Z","8.X","8.Y","8.Z","9.X","9.Y","9.Z","10.X","10.Y","10.Z","11.X","11.Y","11.Z","12.X","12.Y","12.Z","13.X","13.Y","13.Z","14.X","14.Y","14.Z","15.X","15.Y","15.Z","16.X","16.Y","16.Z","17.X","17.Y","17.Z","18.X","18.Y","18.Z","19.X","19.Y","19.Z","20.X","20.Y","20.Z","21.X","21.Y","21.Z","22.X","22.Y","22.Z","23.X","23.Y","23.Z","24.X","24.Y","24.Z","25.X","25.Y","25.Z","26.X","26.Y","26.Z","27.X","27.Y","27.Z","28.X","28.Y","28.Z","29.X","29.Y","29.Z","30.X","30.Y","30.Z","31.X","31.Y","31.Z","32.X","32.Y","32.Z","33.X","33.Y","33.Z","34.X","34.Y","34.Z","35.X","35.Y","35.Z","36.X","36.Y","36.Z","37.X","37.Y","37.Z","38.X","38.Y","38.Z","39.X","39.Y","39.Z","40.X","40.Y","40.Z","41.X","41.Y","41.Z","42.X","42.Y","42.Z","43.X","43.Y","43.Z","44.X","44.Y","44.Z","45.X","45.Y","45.Z","46.X","46.Y","46.Z","47.X","47.Y","47.Z","48.X","48.Y","48.Z","49.X","49.Y","49.Z","50.X","50.Y","50.Z","51.X","51.Y","51.Z"
"chick_ctr_1",0.00144860961961424,0.000768692375775648,0.00485725736443365,-0.000502632658500146,-0.00400979161370862,0.00115394400117544,0.00332359320639494,-0.00101787973594593,-0.00599862945030954,0.00169123808020519,0.000779225757692875,-0.000791920402984643,0.0012251405560421,-0.00165316615932573,0.00140365481256124,-0.0028414612272738,-0.00234608330163717,-0.00383598424086458,0.00265285569676962,5.38073048309551e-05,0.00171197579970411,-0.00277960433273455,-2.98418230288491e-05,-0.00562685541487038,-0.00683654304503,-0.000356877728294874,-0.00283618943508662,-0.00636567334638636,-0.00311760562986096,-0.00499952841208398,-0.00182829733223221,0.0048332486062291,-0.00736004684918667,0.00318413132153005,0.00636057258265606,-0.00939655041794438,-0.00703868741953683,0.00168888818226999,0.000303925715134983,-0.00714164536261073,0.00276118835991844,-0.000617145091743711,-0.00564116719764632,0.00166240710305648,-0.00178378756982031,0.000101758512630251,0.000224806296941243,0.000144567623075402,-0.000464992618359777,-0.00142943578693698,0.00258933305989449,-0.00207472500274283,-0.00342788701456753,0.00319618962205212,-0.00149587409502761,-0.00273435732824684,0.00511711533341086,-0.000539603124564192,-0.00155757933005442,0.00613549443465484,0.000231903993795524,-0.000596519713537061,0.00604957104449727,3.65908055093289e-05,-0.000118390547083055,0.00558172482214266,0.000315404394422514,-1.70877214981345e-05,0.00448808311948529,0.00173576784318982,7.64051792823753e-05,0.00301035999946059,0.0041056464261443,0.00134994410809104,-0.0039874012044243,0.0028111932452605,-0.00208202766904309,-0.00394223422668665,0.00126426742053262,-0.0018180366015382,-0.00301191978319378,-0.0016582046223641,-0.000983318393509999,-0.000231171058102273,-0.00180223379511407,-0.000391423394499792,0.00173078143994428,-0.00288955888773498,9.41453555084505e-05,0.0031482105934378,-0.00393074910304597,0.000327069589923682,0.00353848918656661,-0.00447903216015241,0.000365929135283084,0.00460386742958216,-0.00562096066498996,0.000229511519561229,0.00361096148767651,-0.000648859171079305,0.00340721751243033,-0.000511433031393902,-0.000563459448074649,0.00436850559971043,-0.000832228736604396,-8.72582766940633e-05,0.00435727733101725,-0.00235165435124978,-0.00266449549033614,0.00466391528932041,-0.00258655052584228,-0.00194873386902937,0.00585901371495436,-0.00306273489251394,-0.000139872026809845,0.00613009508441065,-0.00552321248769465,-0.00544523207103297,0.00323424909502706,-0.00294629346654667,-0.00463459532722747,0.00445636682088999,-0.00209210474227498,-0.00304655614762821,0.0044731126264398,-0.00249683270298432,0.00410564642614401,0.00134994410809099,-0.00398740120442424,0.00281119324526054,-0.00208202766904306,-0.0039422342266866,0.00126426742053337,-0.00181803660153808,-0.00301191978319391,-0.00165820462236443,-0.000983318393509923,-0.000231171058101911,-0.00180223379511385,-0.000391423394499942,0.00173078143994458,-0.00288955888773521,9.41453555084061e-05,0.00314821059343787,-0.00393074910304569,0.000327069589923682,0.00353848918656683,-0.00447903216015227,0.000365929135283126,0.00460386742958093,-0.0056209606649891,0.000229511519561285,0.00361096148767571
"chick_ctr_10",0.00414784763747517,0.00197656894652704,-0.00618332635260982,0.00881262198941463,0.00749127861432299,-0.00983853999664805,0.0054991538893205,-0.0101779971193178,0.00300775211675626,-0.00978777180217125,-0.00894045876084203,-0.00183542593914586,0.000187392197593089,0.00785617004355582,-0.00510565994725587,0.0142385301465553,0.00515320181749145,0.00223103236972469,0.0055294336994865,0.00924138681050884,2.64760841658003e-05,0.00612210304857869,0.00320245777326903,0.00820669046977682,0.0043650430373699,-0.0111549644379251,0.00120604104045727,0.00417204966179868,0.00441488728060536,-0.00061572669552994,-0.0001095488366663,0.00785820214281348,0.00196446817560822,0.004291864862461,0.00211861040932187,0.00737111987131761,0.00830207449393618,-0.00612199834477226,-0.0107805062005658,0.00184802754451091,-0.00478589855921315,0.00287694252183903,0.00730902897968941,-0.0046288427583924,-0.0073045751735344,-0.0126002604586401,-0.00559790149552551,-0.00493359460134691,-0.010059767962056,-0.00602065642882781,-0.00574729326969064,-0.00714696482635593,-0.00609117458706868,-0.00494694626117877,-0.00412078469529467,-0.00605947019747136,-0.00407930415187434,0.00112134091936564,-0.00589088750366887,-0.00170771452559348,0.00581035227023635,-0.00480892588697499,-0.00100907473793486,0.0077542106854751,-0.00281743674201052,-0.00221482801535774,0.00922426850456426,-0.000622582469460894,-0.00597408259273572,0.00973267378587922,0.00148615074362114,-0.00802475447163611,0.00543008179635822,-0.00619491948215836,0.00157733757524593,0.00422270960095286,-0.00163056583948618,0.00218167164290935,0.0014515523154183,-0.00345494941647828,0.000962080641142811,-0.00371645061289011,-0.0034112228102966,-0.000169446319963841,-0.00697566503034153,-0.0033839567326876,-0.000219503934830996,-0.00744874704102491,-0.00238417646709602,-0.00187121166270914,-0.00611733022689448,-0.000914363405010089,-0.00245108959126256,-0.00392991354923197,0.000860615486059368,-0.00328917437541566,-0.00192991183317265,0.00275661293126366,-0.00407681814726975,-0.00429542207600644,-0.00788632149487326,0.00539406233433219,-0.000470457180856573,-0.00521055951186902,0.00630730796585383,0.00315898579536114,-0.00250768594972639,0.00322720788707192,-0.00160454678603904,-0.00820594816217795,0.0032222021178093,0.000512917754246431,-0.00580338070216463,0.00621772947478659,0.00219323240382124,-0.00218580997005365,0.00862860204585444,0.00316622776327631,-0.00826468362757726,0.00193624239784668,0.00367991916901658,-0.00534245293139846,0.00502869073678204,0.00492200188898877,-0.00161472812020526,0.00565753537661028,0.00543008179635811,-0.00619491948215835,0.00157733757524591,0.00422270960095353,-0.00163056583948606,0.00218167164290874,0.00145155231541902,-0.00345494941647807,0.00096208064114271,-0.00371645061289064,-0.00341122281029645,-0.000169446319964366,-0.00697566503034108,-0.00338395673268755,-0.000219503934831374,-0.00744874704102197,-0.00238417646709603,-0.00187121166270861,-0.00611733022689426,-0.000914363405010117,-0.00245108959126317,-0.00392991354923142,0.000860615486059223,-0.00328917437541559,-0.00192991183317162,0.00275661293126365,-0.00407681814727032
"chick_ctr_3",0.00748283278706155,-0.00117413181211337,-0.00299268187715192,-0.0103528487817882,-0.00735478484368801,0.00150481878856302,-0.00824495575107978,-5.76627519909695e-05,0.00476832485533799,0.0171845503480567,0.00275247648879743,0.00211555695375403,0.00216657430635026,0.00160655219263293,0.00119757511648773,-0.00222720245814509,-0.000627331335124062,-0.0024467222405766,0.00314451087116852,0.00228913558520748,0.00308538898182273,-0.00721313195591433,-1.42899734561705e-05,-0.00118741758219422,-0.00535282895272959,-1.30390138498235e-05,0.00259855268460495,-0.00889731103444309,0.00329639030830038,0.00252107485071166,0.00606780392510903,0.00613479236123557,0.00591234663581188,-0.0049888580470227,0.00581050900951445,-0.000356052574406187,-0.0073456595481773,0.00291834896041056,0.00540986679841642,-0.005527242699087,0.00491886567506427,0.006254694408799,-0.00765836414104243,0.00527950887982097,0.00642518297440038,0.0170717682133459,0.00176991214024264,0.000683577720385006,0.0169186935055585,0.00300606836555209,0.000333337939281248,0.015464309651523,0.00379194241428601,-0.00225906927455749,0.0122599225513364,0.00390724855683536,-0.0049111845106639,0.00737604855041354,0.00314020550194081,-0.00619771792697174,0.00187395073808916,0.00173420493818234,-0.00601233546384799,-0.00130635137636906,0.000316493554562121,-0.00379229295609042,-0.00351713738428058,-0.00101437953046912,-0.00203084203380824,-0.00580843927185448,-0.00195258350531905,-5.09106309263194e-05,-0.00829106821872987,-0.000306298258859222,0.00164587075288906,-0.00475000820599772,-0.00166595265259994,-0.000941597020968904,-0.00145390293781847,-0.00151757454647622,-0.00234703386406174,0.00109937772535681,-0.000661190288149295,-0.00175440193329594,0.00393221467673821,0.000629061633570259,-0.00234720517502785,0.00642360134189207,0.00115675536777048,-0.00170036523398017,0.00700914247328988,0.00174805890346964,-0.00168904290019547,0.00608602265976971,0.00193340968981241,-0.0023747393923367,0.00558750223357993,0.00190432086055596,-0.000472882534896331,0.00626457281118416,0.0037497108038078,0.00196673009184512,0.000803355116699961,0.00397025853673784,0.000957251960840989,-0.00269132513521853,0.00299468128214507,-0.00193433985566304,0.00219185238699629,0.00457559461406553,0.00379102498521281,-0.000907072645603205,0.0057677247837815,0.00233304649817305,-0.00331813156975602,0.00618363421313007,0.00125569720781502,-0.00295703863901977,0.00379633866336735,0.00415951961010082,-0.00445612978698843,0.00544740325225347,0.00414705461414316,-0.00580991896394863,0.00618049006283885,0.00461225941064087,-0.00829106821873012,-0.000306298258859222,0.00164587075288906,-0.00475000820599765,-0.00166595265259999,-0.000941597020968885,-0.00145390293781794,-0.00151757454647612,-0.00234703386406172,0.00109937772535637,-0.000661190288149191,-0.00175440193329567,0.00393221467673838,0.000629061633570113,-0.00234720517502746,0.00642360134189196,0.00115675536777045,-0.00170036523398013,0.0070091424732901,0.00174805890346962,-0.00168904290019527,0.0060860226597699,0.00193340968981243,-0.00237473939233789,0.0055875022335807,0.00190432086055597,-0.000472882534896951
"chick_ctr_4",-0.00651669765831006,0.000492059808077427,-0.00236897332500842,0.00863586382293435,0.000386191185309123,-0.000745398256229646,0.000585029777332796,0.00620306560306747,-0.0019035935827031,-0.00504541258739022,0.005674055451593,0.0023718444077938,-0.00151728081374942,-0.010733851593157,0.00177895996382096,0.00185344337085158,-0.00652186338926873,0.00123427283731912,-0.00706006860851011,-0.0040297023002043,-0.000225756538901724,0.00953008193537412,-0.00226685077750673,-2.05715684584266e-05,-0.0120078896589937,0.00615257191669685,0.00549535004356773,-0.00295553310298444,-0.0017115846342656,-0.000492631250007407,-0.00888008184496013,-0.00684803788320713,0.00512070791048039,0.00449382806811695,-0.0057101420839594,0.000877214217500613,-0.00995639081520754,0.00124951082026357,0.00397183211133256,-0.00622768890966995,-0.00159821994315098,0.00117496750338494,-0.00666134830688054,-0.00175863946284649,0.00187980820600465,-0.00566968460517681,0.00682012880619796,0.00411691338161162,-0.0066081695012315,0.00765333905485016,0.00300126292525902,-0.00682244761567027,0.0081396808642328,0.000348259709234616,-0.00796013321904906,0.00562182172141869,-0.000933372077221399,-0.00881903562316147,0.0032282253839467,-0.00218927733895768,-0.00752506244712575,0.00149585921371611,-0.00340079004920391,-0.00402863866718448,-0.000257070327638493,-0.00351421309759266,-0.00103291888396592,-0.00177832396380684,-0.00259355239344339,0.000914644183345859,-0.00434339931086012,-0.000596220531560218,0.000920489679742315,0.00783966388480153,0.00104388796115895,0.00176220580214093,0.00807017771779827,-9.31662360697614e-05,0.00331261892270038,0.00718447218768854,-0.000673309956331586,0.00433305096486244,0.005068556541496,-0.00105790199836126,0.00455086884749531,0.00263073079151229,-0.00100418730248326,0.00488879398172515,0.000436210013244687,-5.29770848294673e-05,0.00313614227474368,-0.00153748907462446,0.000602928722647098,0.000486109628996256,-0.00374866018322826,0.000416777198806451,-0.00225962505721705,-0.00695319533495502,-0.00123423505615605,-0.00433466311001422,0.000829995813310634,0.00103055590697921,-0.00129003731705496,-0.00196786098864388,-0.000352014999710059,0.00278556930180901,-0.00341759994092044,-0.000334458009787723,-0.00515548021255061,-0.00134852208705535,-0.000745762429121952,-0.00260395931771726,-0.00478026580991966,-0.000511809441227477,0.000917417254167233,-0.00664151366280232,-0.000821280085922482,-0.00766093215724439,4.3729980631544e-05,0.00263101100450355,-0.00514965353256861,-0.00334349766759818,0.000461730341626613,-0.00269446407270466,-0.00511975397479932,-0.0010047228251027,0.000920489679742051,0.00783966388480155,0.00104388796115899,0.00176220580214095,0.0080701777177983,-9.31662360696851e-05,0.00331261892270115,0.00718447218768867,-0.000673309956331698,0.00433305096486208,0.00506855654149616,-0.00105790199836102,0.00455086884749545,0.00263073079151231,-0.00100418730248289,0.00488879398172501,0.000436210013244548,-5.29770848294257e-05,0.00313614227474399,-0.00153748907462453,0.000602928722647322,0.000486109628996562,-0.00374866018322826,0.00041677719880526,-0.00225962505721608,-0.00695319533495509,-0.00123423505615668
"chick_ctr_5",-0.00924535089274972,-0.0015483460073636,-0.00123819671601246,0.00733426793725747,0.00298133346531262,-0.00198919019390017,0.00769092291826781,0.00557123775488683,0.00213107246734252,-0.0036796189650144,0.00516555856907634,0.000518237052021562,-0.00226451475662653,-0.00296013463080273,0.00357848745870243,-0.000206309844436342,-0.00908369274002356,0.000355814664336766,-0.00224351113106148,-0.00703900061035259,0.00390079257525257,0.00404114325833224,-0.00500927941817986,-0.00259070294098695,-0.00572181387525707,0.00510500500454374,0.00241989200804595,-0.00141219347754885,-0.00121249930356632,0.00815127897727825,0.00512507469637703,-0.00951208097595041,0.00645168908843156,-0.00513810934688656,-0.0109625386994111,0.000225811920624752,-0.00145954825088067,0.000403511892049943,0.00248438014299595,-0.00219919201686208,-0.00235809330636024,0.00129595317056725,-0.00161454394431221,-0.00268805905896663,0.00474036544783847,-0.00388018084265174,0.00765346912225685,0.00312453291784812,-0.0038557250638519,0.00621339987071171,0.00249984061811954,-0.00393036927274334,0.00495243798373578,0.00297994266746471,-0.00231742505602947,0.00417472867934416,0.00280138566929098,-0.0015951140667757,0.00342076401594864,0.00168717749953135,-0.0016594578623122,0.00280950902356379,0.00078146854599298,-4.37294558559842e-05,0.00239072611316587,-0.000533589405290883,0.00199829033698615,0.00202159969020608,-0.0024436082905278,0.00371745622092851,0.00132625311798399,-0.00114940718160323,0.00729161073260874,0.00458489035493479,0.00214794765397224,0.00769881619013718,0.00454665030821122,0.000801147326204914,0.00884859513242964,0.0021095421086245,-0.00131191641474364,0.00707939684499784,0.000921973495812946,-0.00118227365798426,0.00392991412354129,-0.000100209813001035,-0.00216740617888833,0.00154276237383325,-0.00126722535838017,-0.00179542313274969,-0.000704027753685582,-0.0024788829773644,-0.000944023039561583,-0.00313560862386855,-0.00334141815384249,-0.0010132256965105,-0.00665906631470339,-0.0044739455352481,-0.00157774179930273,-0.00390831538304674,0.000580492240918992,-0.0016355298633669,-0.00325791357799698,-0.00294672962066909,-0.00218099385792251,-0.00141683859917227,-0.0052104835248356,-0.00262271114553166,-0.00457880103039045,-0.000983287619848991,-0.00307850322797277,-0.00425033994370973,-0.00498067067752661,-0.00438982666047684,-0.00401536801060356,-0.00864041751857442,-0.00508116250602904,-0.00427977077697889,-0.000180618136775633,-0.000559295989703163,-0.00390536905583184,-0.00369880061382973,-0.00190069619965093,-0.00373813656631322,-0.00571894888033847,0.000462604708011387,0.00729161073260835,0.00458489035493475,0.0021479476539723,0.00769881619013713,0.00454665030821119,0.000801147326205005,0.00884859513243058,0.00210954210862477,-0.00131191641474368,0.00707939684499728,0.000921973495813064,-0.00118227365798394,0.00392991412354141,-0.00010020981300116,-0.00216740617888796,0.001542762373833,-0.00126722535838025,-0.00179542313274969,-0.000704027753685249,-0.0024788829773644,-0.000944023039561245,-0.0031356086238683,-0.0033414181538424,-0.00101322569651192,-0.00665906631470228,-0.00447394553524809,-0.00157774179930337
"chick_ctr_6",0.00580512406299014,-0.0122204457759453,-0.00510647065050006,-0.00316232936067232,-0.00836591159891047,0.00126646984067226,0.00367598677951453,0.00432376081535963,-0.00374623017252064,-0.000484411612947794,0.00227496837934164,-0.00222120581377114,0.00282348730734833,-0.00458411280344809,5.75272254912905e-05,0.00941873849694311,-0.0026910543242931,-0.00214286355997766,-0.000624276962738007,-0.00376074284028813,-0.000378117117292015,0.00678007986858342,-0.00132252597469559,0.00163015527979216,-0.00637407743015087,0.00359415107142326,0.00209993425059523,-0.000995280716468016,-0.00351923391252867,-0.000169712115569199,0.00230678458807845,-0.00203230182763017,-0.0012990980152486,0.00227670327029535,-0.00342677994104888,0.0018528131858313,-0.0105284571454021,0.0016976095075114,0.00297629755457994,-0.0109429888562135,0.000429171670249291,-0.000433800622001725,-0.0111992057146197,4.85480454824952e-05,0.00093077505715189,-0.000127936998309652,0.00606989793161215,-0.000162838424938081,-0.000681642335826016,0.00504457934219647,-0.00100281638521556,-0.00137792130467249,0.00400241137495473,-0.00208746101968766,-0.00207548508903169,0.00200064883229284,-0.00116178808690066,-0.00078586165140207,0.000521964078013651,0.000155122142988119,0.000350160210205924,-0.00141134314416848,0.0025209407678055,0.000310795337526565,-0.00289374159516363,0.00231289183860263,-0.000302853377424056,-0.0043529754119093,0.00229960816319433,-0.00102965524213372,-0.00569639735422554,0.00141052179512994,0.0024136013290425,0.00618426441781406,-0.000533833785812086,0.00279753218391071,0.00321608513998881,-0.00140919639116282,0.000749526737154504,0.00428232222907755,0.000841222280744253,0.00100396075688391,0.00304574055550236,0.00227028031453188,0.00212847402811997,0.00167693623345145,0.00171212058672245,0.00155520744991403,0.000176910879935087,0.00178921236396432,0.00144558628938452,-0.00143331320134498,0.00105594395752788,0.00215042332927731,-0.00317207686139834,-0.00018025080713142,0.00266109581412569,-0.0046808297858972,0.000360611961716431,-0.0011527077132278,0.00105539032475233,-0.00114282966841829,-0.000193563588937934,-0.00070721819236418,-0.0011433679417258,0.00195585208260189,-0.00178369511814045,0.000526593304177994,-0.00434980737629764,0.00181848018798302,0.00148687513461167,-0.00333856862142029,-0.000165790974803189,-0.000137535661068403,-0.000766783895142981,-0.00224983319970629,-0.00154423367960099,-0.0076639441974547,0.00211960386067708,0.00293473623089276,-0.007733508003184,0.000351862730969401,0.001781150700808,-0.00575639925588639,-0.00200923838123301,-0.000606591072497797,0.00241360132904209,0.00618426441781395,-0.000533833785811996,0.00279753218391063,0.00321608513998878,-0.00140919639116275,0.000749526737155365,0.00428232222907766,0.00084122228074404,0.00100396075688342,0.00304574055550245,0.00227028031453222,0.00212847402812011,0.00167693623345133,0.00171212058672281,0.00155520744991366,0.000176910879935007,0.00178921236396442,0.00144558628938482,-0.00143331320134498,0.00105594395752814,0.00215042332927748,-0.00317207686139833,-0.00018025080713273,0.0026610958141266,-0.00468082978589724,0.000360611961715843
"chick_ctr_7",-0.00150893453011886,-0.00116558569813092,0.00873002360828399,-0.000423179798865275,-0.0078592438797442,0.011201336835481,-0.00508208601575494,-0.000664856771497351,0.00174756567225807,0.00457222331182655,-0.000982593272819222,-0.00260328330527205,0.000808979970414431,0.00578529153403394,-0.00243758694670877,-0.00315281649501889,0.00207251182219464,-0.00134935141257001,0.000766358788917385,0.00169767145924681,-0.00205544564242989,-0.000913767383687814,0.00131413018580452,-0.00455204722426817,-0.00340460693212082,-0.00127826327551868,-0.00161242128263246,-0.00716322205973793,0.00413794474408491,0.00107126273991479,-0.00250921298350119,-0.000271852733415359,0.00265189517051218,0.000636804195418283,0.00260846644184798,-0.00210674170239348,-0.00494889809006008,0.00143011969506287,0.00148472182228216,-0.00101421572791709,0.00338554629772829,0.001874812489295,-0.00140251653905996,0.00375843440157748,0.00130399898860271,0.00467904300435931,0.000444187720763281,0.000445018635951981,0.00619450466326971,5.14578376981517e-05,0.00048969004756611,0.00682687300859736,-0.000659391232584419,0.00189093143348878,0.00693579334528185,-5.0787464465879e-05,0.00127023902751293,0.00498315676904043,0.000346969417513273,0.000573140855906824,0.00321728720902065,0.000377806708992122,0.00158539826115463,0.00118474606248883,0.000325498681771282,0.00216718205946104,-0.000961531945208038,0.000288318324038146,0.00302282440388461,-0.0030622089312024,0.00105576913980669,0.00357072172106356,-0.00584217476774408,-0.000171438430792911,0.00193433290556234,-0.00193975289971116,-0.00216702881501221,0.00149752857434976,0.0022237136891777,-0.00436909066977026,-0.0012052482913318,0.00416115712569823,-0.00319182777829331,-0.00151976934010311,0.00369074204521586,-0.00151906650749717,0.000669610494692889,0.00310189219811219,0.00028204362210683,-0.000367559024177549,0.00274095822370479,0.00184137589377604,-0.000539854612570181,0.00263910965844968,0.00309418860200147,0.000173766158894883,0.00182991229328275,0.00448429523179983,-0.000293550829574048,0.00274707473666679,0.00205404756432346,-0.00433206527209846,0.00225397446709567,0.00305556620033905,-0.00564743015437002,0.000816189593545277,0.00318275777322052,-0.00289089407264931,0.00138990879145465,0.00359497773294584,-0.00359187924260797,0.00143469050485701,0.00498028748032228,-0.00471941788845515,0.00112681745849473,0.00497465133172614,-0.00394138797145822,-0.00120561288613542,0.00263536660434309,-0.0013069900362356,-0.000582293341079024,0.00419697235104023,-0.00238246550161654,-0.000844020516491802,0.0047392181736754,-0.00137195130133228,-0.00584217476773997,-0.000171438430792564,0.00193433290556175,-0.00193975289971213,-0.00216702881501193,0.00149752857435002,0.00222371368916741,-0.00436909066977213,-0.00120524829133003,0.00416115712570314,-0.00319182777829467,-0.00151976934010526,0.00369074204521375,-0.00151906650749596,0.00066961049468957,0.00310189219811047,0.000282043622107652,-0.000367559024179032,0.00274095822370118,0.00184137589377611,-0.000539854612571809,0.00263910965844691,0.00309418860200113,0.000173766158909291,0.00182991229327073,0.00448429523179992,-0.000293550829565966
"chick_ctr_8",-0.0201526496494241,-0.00458112543452213,0.0028485236303785,0.0225271948529864,-0.00613963680011387,0.00208837917998044,0.00965921088354221,-0.00361472229252374,0.00555952449803177,-0.00589915993275072,0.0053290938004023,0.00662399185289076,-0.012097019388739,-0.00389287302671207,0.00104131245438177,0.00496446771579911,-0.00506931131436042,-0.0064905032557982,-0.00775700676882701,-0.00347038756806489,0.00502136317668256,0.00784608408107018,-0.000644254208583508,-0.00877207030583182,-0.0106350987196817,-0.000153163797709729,0.0120244604188852,-0.0150857316537976,0.0071600321524048,0.0119430799444239,0.00731177481329588,-0.0102404719415262,0.0141117097562562,-0.0092432554663586,-0.00627891800188686,-0.000419939531042211,-0.0187463784832638,-0.000225041017802421,0.0109040970534457,-0.0173911393303853,0.00114646690134612,0.0112509035801462,-0.014083596818495,0.00199838965286995,0.00975063726511052,-0.00436007779183781,-0.00121854040797803,-0.00197963627547019,-0.00364377043685221,-0.00235225527478618,-0.00307534096460272,-0.00202263076574299,-0.00214633573015402,-0.00454436956219129,0.00260108025040001,-0.000346387988570632,-0.00353719127782478,0.00739208061444166,-8.67652404394764e-05,-0.00172857048806448,0.00993629559516038,0.000396406408644094,-0.00348590657288408,0.00800637119288672,-0.000133838649402094,-0.00220563182000821,0.00850631481069999,-0.000728328758244905,-0.00249792995830603,0.0100672513838647,-0.00118221533976246,-0.00497422189055494,0.0119019838975112,-0.00444701472181358,0.00152538271928532,0.00938770482836156,-0.00469208361554016,-0.000867875934768177,0.00894237158239783,-0.00546270260727123,-0.00310962434221948,0.00653972549764556,-0.00394651802140258,-0.00490691073160237,0.00355529884472133,-0.00217921996237429,-0.00613815794308083,0.00141044539114404,-0.00107286972202803,-0.00494310981076897,-0.000344733619809579,1.7072643037977e-06,-0.00447786334085623,-0.00119752014120419,0.00151590526788932,-0.00264460076781713,-0.00161540193461807,0.00301887289753301,-0.00301330263725985,-0.00617018881378124,0.00386753991182955,0.00131587998061741,-0.00453643345541586,0.00204610641251187,-0.00289382422713874,-0.00197422598655889,0.000789256071333372,-0.00208444764497056,-0.00879278140873858,0.00279038104498526,-0.00130976778560061,-0.00848475404432951,0.00192756713631333,-0.00349468102263049,-0.00807658585513163,-0.000722363971204371,-0.0029489907834688,-0.0142984207101695,0.00151520496120176,0.00579054481341971,-0.0148890640975657,0.00161700370126614,0.00433655395163945,-0.0144499866150393,0.00102098554347919,0.00353145709542885,0.011901983897511,-0.00444701472181352,0.00152538271928536,0.0093877048283617,-0.00469208361554024,-0.000867875934768263,0.00894237158239852,-0.00546270260727105,-0.00310962434221953,0.00653972549764531,-0.00394651802140249,-0.00490691073160228,0.00355529884472144,-0.00217921996237443,-0.00613815794308057,0.00141044539114399,-0.00107286972202815,-0.0049431098107689,-0.000344733619809356,1.70726430387749e-06,-0.00447786334085641,-0.001197520141204,0.00151590526788938,-0.00264460076781803,-0.00161540193461723,0.00301887289753311,-0.00301330263726066
"chick_ctr_9",-0.000606090411344046,0.00783869175276848,0.00389075871952713,0.00448829236558862,0.00066923975891231,-0.00430286152519932,0.00463890190933847,-0.0114259374141349,-0.00189496142595988,0.00261718390684659,-0.00169634660832166,0.00305683838660582,0.004729225582074,-0.00249486905821331,0.00744849417271064,-0.0035130633664304,-0.00445441608100147,-0.00185723270718222,0.00408587309559011,-0.00123598466278439,0.00701784766626604,0.00389310094258463,-0.00419143134285015,-0.00144889971272397,-0.00736931275795194,-0.00806013484653533,0.00317151069314061,-0.00418709659305783,-0.000759080243803202,0.00396112703810147,0.00586115516701536,-0.00143899966774216,0.00932861481013627,0.000693658842865125,-0.005912270735154,0.000954930742541768,-0.00856984128332014,-0.00588544948089906,0.00515030567400019,-0.00761918157585692,-0.00394806833953883,0.00427064469177461,-0.00569971474545693,-0.00253807930103513,0.00466895635661234,0.00212939725975816,-0.00241575466409727,0.00394615451611742,0.0044351373147879,-0.00287086357341587,0.00381069737749381,0.00675099350813133,-0.000573111566413931,0.00529283880892426,0.00495812977162485,0.000525070153582094,0.00320845290396417,0.00178621968737441,0.00143537148097312,0.000192618391852859,0.000180395675486195,0.00237563132394776,-0.00158704243007783,-0.000287224793397767,0.00332438815960658,-0.00319772061563833,-0.00049223538664761,0.00439059704149019,-0.00570668851472135,-0.000457008582785356,0.00622616354810413,-0.00737500568096183,0.00478280275522897,-0.00749915818592563,-0.000827693415430859,0.00240436366523467,-0.00775002086267874,-0.00162731040616155,-0.00216910887039393,-0.00523296615112583,-0.00108915720436176,-0.00449255303217161,-0.00335548284237656,-0.00273105555800136,-0.00464931198964003,-0.00126134626469062,-0.00404695398541149,-0.00370881031083725,0.000667328631712327,-0.00413105836057275,-0.00194649054161,0.00276117228625069,-0.00300539952052347,0.000254100257286782,0.00482077926046205,-0.00141335842532412,0.00243430842082629,0.00697617310992999,-0.000432377408265042,0.000526045816775775,-0.00225304790222131,-0.00282660997136294,0.000636503153041937,-0.00242094903433797,-0.00399984816217021,0.00134140874127199,-0.00256769407458755,-0.00232952329375392,-0.00327770749926451,-0.00339717657915337,3.965585641846e-05,-0.0026448234007919,-0.00297930327071729,-0.00259361693098714,-0.00104628431147592,-0.00387381877391038,-0.00357897686830263,-0.00660953382476583,-0.00496622546172998,0.002603639605086,-0.00610942585923874,-0.00391204193741275,0.00131847656636518,-0.00474551780497485,-0.00362915774614638,0.000459183401234394,0.00478280275522865,-0.00749915818592564,-0.000827693415430823,0.00240436366523462,-0.00775002086267874,-0.00162731040616152,-0.00216910887039296,-0.00523296615112581,-0.0010891572043619,-0.00449255303217186,-0.00335548284237645,-0.00273105555800123,-0.00464931198963989,-0.00126134626469071,-0.00404695398541121,-0.00370881031083739,0.000667328631712332,-0.00413105836057273,-0.00194649054160975,0.00276117228625064,-0.00300539952052321,0.000254100257286893,0.00482077926046208,-0.0014133584253251,0.00243430842082709,0.00697617310992997,-0.000432377408265436
"chick_exp_10",-0.00327804802291976,0.00352880376528134,0.00397774290686075,-0.00306750018862145,0.00664347781814956,-0.000743571791499014,-0.00575437138937443,-0.00775112967738422,0.00131784114101839,0.00495046800376139,-0.00445875728161541,0.000317839207099541,-0.0086173446221012,0.00870785524546304,0.00149742569703634,-0.00346109391248603,0.00823877635964676,-0.000273978730426529,-0.00536860057166956,0.00944430808277985,0.000811784978432269,-0.00230480877182804,0.00312053809342738,0.000572551085646099,-0.00836411162611239,-0.00778345409549634,-0.00332458707581026,-0.00707114485681265,0.00824308995218657,-0.0041207123215427,-0.00789786396819735,0.00820440443960341,-0.00130501058286249,0.00214345730029576,0.00861259722907153,-0.00768921622703015,-0.00395939798288721,-0.00287637945505001,0.00256651898500337,-0.00342191140989398,0.00142750749395286,0.000153895172445219,-0.0068427952521755,0.00550450888436014,0.000455424761543042,0.00610049456741846,-0.00783128823514523,-0.00113228646631821,0.00475940364104877,-0.00733606183629437,-0.000828907672953259,0.00441586959790952,-0.00741792194440488,-1.57414512402289e-06,0.00656190069338705,-0.0059788860992494,0.00148553761949855,0.0071679824645513,-0.0046049039458885,0.00207559047616664,0.00589125335216353,-0.00328289247773415,0.00141983455745318,0.00393905151485743,-0.00225763638019947,0.00190269721153456,0.00177792793217707,-0.00135366010442243,0.00202438609321708,8.0356087815453e-05,-0.000852284848314441,0.000935645749264352,-0.00696064964915483,-0.00833772001639684,-0.00115887614208594,-0.00733190643337892,-0.00891287901516034,-0.00124336785014697,-0.00739152522753192,-0.00642837901684341,0.0014653606415002,-0.00385885267237471,-0.00494932169145669,0.000994252730605391,0.000918805489095537,-0.00320143929936752,0.000316570806374697,0.00328489139377222,-0.000944901957870953,7.23672382120944e-06,0.00399177947577076,0.00168579145254137,-0.000643143995907459,0.00383599803415641,0.00437271311816881,-0.000438506720989538,0.00700420618171294,0.00676633155828385,0.00152512513337734,0.00507176964579394,-0.0018956287515574,-0.000957923794165957,0.00451038324040508,0.00105157397514795,-0.000126957143085952,0.00312646106475598,0.00314934941556685,0.00110161766488489,0.00476415957939771,-0.00172109433179213,-0.00124494916853793,0.00554355204878566,0.00200596840403371,-0.000775596792451091,0.00499339056703556,0.00578997868577914,-0.00122754746510781,-0.000283576555034172,-0.00242261003713858,-0.000912119359626136,0.000654844438894686,0.00176965576431929,-0.00133623338562569,-0.000140642025531337,0.0058461825927765,-0.00210033787428789,-0.00696064964915526,-0.00833772001639693,-0.00115887614208589,-0.00733190643337886,-0.0089128790151604,-0.00124336785014696,-0.00739152522753089,-0.00642837901684325,0.00146536064149994,-0.00385885267237496,-0.00494932169145661,0.000994252730605622,0.000918805489095703,-0.00320143929936762,0.000316570806375068,0.00328489139377219,-0.000944901957871049,7.23672382126408e-06,0.00399177947577131,0.0016857914525414,-0.000643143995907271,0.00383599803415649,0.00437271311816886,-0.000438506720990989,0.00700420618171393,0.00676633155828383,0.00152512513337659
"chick_exp_2",0.0149329935713712,0.00132915001139897,-0.00316440714093001,-0.0223088191157008,-0.00503528324120831,-0.00439933280521888,-0.00463736987670556,-0.00443973536939708,6.59396684352651e-05,0.00182190263911258,-0.000541243634560103,-0.00835241305832501,-0.00179033882870178,0.0211192132582176,-0.0151900073964867,-0.0103096544722175,0.0108523063719061,0.00407313552479798,-0.00621325611225859,0.0181503281545993,-0.0122639425952819,-0.00685170866373233,0.00917458348815554,0.00465752679546833,0.0207372090517627,0.000362909382388948,-0.00389545863792107,0.016337100477509,-0.0033220696670865,-0.00140700011451803,-0.0202513422974505,-0.00733797093049858,-0.00603279398977978,0.0164224795326315,-0.00460757257325455,0.0102389679275905,0.0237539968666739,-0.00261190464019176,-0.00143137185011501,0.020378953796274,-0.00411025160322036,-0.00117531152308687,0.0186533958428153,-0.00425771475332642,9.60203615134481e-05,0.0021834328996852,0.00347041812001386,-0.0053990549749162,0.00230833478545089,0.00545659972778131,-0.00334394954759604,0.00150518884017567,0.00556310346151552,-0.00143442088488054,-0.00255945174086003,0.00268796454054833,-0.00362595794156716,-0.00552229999259474,0.00117038432810703,-0.00544394746892206,-0.00671392479812621,-0.000418841380938749,-0.00420088286144279,-0.00691652675677476,-0.00114142194713575,-0.0038627952172675,-0.0079135108647799,-0.00174882899995264,-0.000157831303220391,-0.00885816834425379,-0.00222585662835988,0.00340376969081232,-0.00240896342933707,-0.000278036609835663,0.00168959998075155,-0.00244931836087474,-0.00188922309858559,0.00411481124453318,-0.0028875569673727,-0.00189378064687133,0.00405369290842039,-0.00471157654210755,-0.00130144290380337,0.00307230927859438,-0.00422963868264545,-0.00180660764393546,0.00230067129389265,-0.00257049967352288,-0.00187342822485691,0.00138863722899735,-0.00118136329884644,-0.0013858977204402,0.000598539556512186,-0.000793887162423235,-0.00108029448124702,-0.000877915513384758,-0.000509414902110789,-0.00171511121934727,-0.000945427952388708,0.00603866257095179,-0.00329081830928988,0.00335514330363757,0.00703056866444723,-0.00276971441708486,0.00766537157121156,0.00462852527841656,-0.000308977211964174,0.00913960859392845,0.0121989531224659,-0.0024131666923753,-0.00100193038081618,0.0129585215919237,-0.00486699196780974,0.00789398694006227,0.0133258348312127,-0.00484224597733202,0.0107870585981728,0.0192227828821113,-0.00221430507571401,-0.00449196492204535,0.0193844215341407,-0.00441225660363602,0.000172481609912966,0.0187508458562388,-0.00528272188383264,0.00277241954965435,-0.00240896342933718,-0.000278036609835719,0.00168959998075157,-0.00244931836087466,-0.00188922309858564,0.0041148112445332,-0.00288755696737258,-0.00189378064687131,0.00405369290842028,-0.00471157654210758,-0.00130144290380343,0.00307230927859439,-0.00422963868264525,-0.00180660764393538,0.00230067129389277,-0.00257049967352266,-0.00187342822485706,0.00138863722899756,-0.00118136329884641,-0.00138589772044021,0.000598539556512128,-0.000793887162423096,-0.00108029448124702,-0.000877915513385282,-0.000509414902110455,-0.0017151112193474,-0.000945427952389036
"chick_exp_4",0.00252458230536359,0.0030928186112974,0.00343406667219493,-0.00688082601667686,0.00802926677118296,0.00440785786487219,0.00231592057400248,-0.00121022342046561,0.00240409213112896,0.00693470498807555,0.00269610951046246,0.000624230439873936,0.00882273010966154,-0.000511195703028253,0.00365582189057996,-0.00316381386319586,0.00661684953302835,0.000187227798376892,0.009559251997769,-0.00476466583434079,0.000609576204987277,-0.00792097617981666,-0.000737224400996134,0.00117002100246049,0.0022764815160613,-0.00283285583016282,-0.00491227010109976,-0.00459317324323678,-0.00976820650411049,0.00151363655054595,0.00665169637053843,-0.00190969031998713,0.000685099707485901,-0.00375759941642198,-0.00375546473121641,0.000870609544859294,-0.000240694562218112,-0.00508181032311306,-0.00205364385136207,-0.00192164233680049,-0.00626957841866428,-0.00115629038889438,-0.000808504808731195,-0.00720700606263543,0.000734066019806943,0.0083198198591741,0.00689594957773677,0.00224843019259044,0.00854155179735239,0.00616649124235438,0.00204470801408205,0.00725729926112123,0.00564258403953148,0.00171010924415061,0.00601285308630381,0.00566587000851392,0.00131081981005125,0.00141057361587568,0.00469797109738571,0.000629923764034688,-0.0013804556102896,0.00441174656285103,-0.000273516662055836,-0.00292765758201569,0.00453493056676225,-0.00017742698376897,-0.00457429662514774,0.00504912242233901,0.00202532593822704,-0.00658589112803687,0.00585821523257225,0.00500459435439985,0.00436507915652774,0.00447654530008558,0.00365377397383121,0.00401492952407981,0.00522517744774792,0.00196289017085512,0.00416240968063414,0.00412650795686831,0.00187202414905396,0.0047796773043047,0.00104497374495779,0.000842866718740403,0.00073604764437224,-0.000485666016394808,0.000511463487900824,-0.00234472643430947,-0.00133400123993535,-0.00138044514715574,-0.00405628196045568,-0.00174271970386915,-0.00236056660900726,-0.00463675651141821,-0.00159055764058087,-0.00348054794118096,-0.00594852133055962,-0.000791627700434665,-0.00283024724000183,0.000782535875848353,-0.000793670113523628,-0.00207388503613863,-0.00237639553526614,-0.00249003128204341,-0.00335593457544347,-0.00459693856418708,-0.00279555478297104,-0.00455595168687526,-0.00157335448710046,-0.00332261923021896,-0.00252393453435791,-0.0043321647216838,-0.00468391076331095,-0.00343191370203766,-0.00557513338591986,-0.00493573330414156,-0.00237697607961052,-0.00144524214052384,-0.00455273776889572,-0.00437348096780245,-0.00348353652378358,-0.00620502127622943,-0.00274573606881221,-0.00478367350009212,-0.00746169958258056,-0.00351621739591561,0.00436507915652745,0.00447654530008554,0.00365377397383126,0.00401492952407979,0.00522517744774795,0.00196289017085514,0.00416240968063458,0.00412650795686839,0.00187202414905382,0.00477967730430442,0.00104497374495786,0.000842866718740496,0.000736047644372378,-0.000485666016394888,0.000511463487900867,-0.00234472643430958,-0.00133400123993536,-0.00138044514715576,-0.0040562819604556,-0.00174271970386912,-0.00236056660900722,-0.00463675651141807,-0.00159055764058083,-0.00348054794118166,-0.00594852133055906,-0.00079162770043472,-0.00283024724000209
"chick_exp_5",-0.00233248616652457,0.00144371378301843,-0.00604516587368591,-0.00535375873027688,0.000199788921448979,0.00174719047812474,-0.00751088424163369,0.00438342213074524,-0.000481207096136205,-0.000345367068105368,0.00161300767264135,0.00190790858527414,0.00209527768024113,-0.0033516443087981,-0.000980438773098789,-0.0118819321186356,0.000825153415831781,0.00436702809278541,0.00149491878557516,-0.00324435416392675,-0.00462568724144067,-0.0129298729558111,-0.00186736990201158,0.00167513615275739,0.0221073496914417,0.00158384922565465,-0.00622566163135852,0.0165868976377428,-0.00223685479842289,-0.0071892096490343,0.000275913860113067,-0.00133896026005217,-0.010130461563123,-0.00990664822835473,0.00414209521758836,-0.000774207197253704,0.0179964491515092,0.00120413388849905,-0.00702936625554977,0.0194811212140484,0.000730501201988339,-0.00977109655945305,0.0174697961722558,0.000128158178842236,-0.00728401854208267,-0.000627043546271716,-0.00403319395878766,-0.000754533258339491,-0.00322685382676199,-0.00234595988818362,-0.00143083377230765,-0.00586734615032647,-0.00174457558932355,-0.00188098856940769,-0.00759903517300115,-0.000661964199070567,-0.00120302396804292,-0.00676841157217298,0.000613441910052356,-0.000278387219417804,-0.00526425016292825,0.00139804784214607,0.000550407175563051,-0.003699260247431,0.0015179460802763,0.00133230083193181,-0.00258817001099246,0.00145131314530819,0.00287422281477591,-0.00112713608392137,0.00172458995393091,0.00395349037984308,-0.00625671340319701,0.00140027703318049,-0.00207673008029934,-0.00733095485775327,0.00242842593036956,0.000519257743279948,-0.00593057384831172,0.00249923124502296,0.00100708555506197,-0.00359627187335204,0.00224073282795029,0.0017240909771818,-0.00278942375095939,0.00209116467753704,0.00280565830439284,-0.00281794403788377,0.00166744751387027,0.00297251194123519,-0.0019668885361307,0.000768243585717723,0.00404153160326516,-0.000861746692800841,2.03814141006009e-05,0.00465654499113038,0.000163731643446796,-0.0002272540888077,0.00437625905693601,0.00195935890572198,0.00223190105330703,0.00206371139168037,-0.00170787822077505,0.00260034332578575,0.00450196853979444,-0.00675085807433454,0.00226976030703354,0.00410234477008698,0.00756342916210806,0.00224722666470168,0.00323320156810221,0.00404688194715289,0.00327456851374202,0.00319122173470547,-0.00184782363113618,0.0037333864784995,0.00253624579714935,0.0148530168169333,0.00184677319225775,-0.00435667236445423,0.01289500384626,0.00229209213411058,-0.0027167421400458,0.00941553395295228,0.00221575243935091,-0.00230411502101665,-0.00625671340319743,0.00140027703318045,-0.00207673008029927,-0.00733095485775323,0.00242842593036947,0.000519257743280029,-0.00593057384831083,0.00249923124502315,0.00100708555506181,-0.00359627187335243,0.00224073282795037,0.00172409097718205,-0.00278942375095934,0.00209116467753687,0.00280565830439315,-0.00281794403788413,0.00166744751387022,0.00297251194123529,-0.00196688853613036,0.000768243585717726,0.00404153160326546,-0.000861746692800619,2.03814141007258e-05,0.00465654499112896,0.000163731643447906,-0.000227254088807673,0.00437625905693536
"chick_exp_6",0.00683349762340527,-0.0067590757605247,-0.0147162131804241,-0.00866938020071506,-0.00291694741641986,-0.00502922184150134,-0.00333224473457802,0.00528751033808949,0.00139527357071792,0.00463026633512653,0.00754297487657833,-0.00258343714203129,0.00016554532715124,0.00851414610409834,-0.00328924843093669,-0.00160796568837482,0.00199321292800408,0.002958087225299,0.00164724410582051,0.0105768262311117,-0.00186781850540583,-0.00187076618149248,-0.000707904940470266,0.00505864140931974,-0.00573859381736516,0.00552830360580279,-0.00189128091293632,0.00687126008994406,0.0024942477489806,-0.0135738948595009,-0.00828721521674478,0.00677112695036618,-0.000846512999604485,-0.00502988790701621,0.00412437994644684,0.00428111476595171,0.00118664360378316,0.00414443588284806,-0.00600712818985672,0.00693028085918635,0.0019782279152534,-0.00766131468667952,0.00929755250069399,0.00235869190505959,-0.00929473099317485,0.00230267761868128,0.00113787370802607,-0.00239369258916494,-0.000544747573304,0.000227324418293567,-0.00444339833859121,-0.00259563123620093,-0.00105935754597621,-0.00366594887375565,-0.00302249243877406,-0.00111398123472013,-0.00157508255196002,-0.000435166317329483,-0.00215760195072159,0.00169567905749862,0.00186912415896415,-0.00338441614882582,0.00366019568481375,0.00298320477679467,-0.00464606161898988,0.00430330726537581,0.0017564725433275,-0.0061210700154489,0.00244809727996844,0.000719664670476239,-0.00781688718257707,0.000737845064026632,-0.00592458633213905,0.000531223759378474,-0.000316056172096344,-0.00351546557742412,0.00195985951380814,-0.000697115162504871,-0.00338209514625482,0.00231372130186442,-0.000582661072333214,-0.00342967117737708,0.00250213307173063,0.00176889718581584,-0.00116248148385928,0.00158293844592668,0.00350117167849561,0.00128464157039593,8.09699397717623e-05,0.00498387038695839,0.00331099703658647,-0.00135613259953213,0.0051288052751367,0.00464059319036869,-0.00282888864074589,0.00371852805780478,0.00543241841552713,-0.00469807798109545,0.00306922519900623,0.00256583123991247,0.00362558685035609,0.00402146228426718,0.00128173083923913,0.0015964242729629,0.0056743415351762,0.000615492412074023,-0.000547795739047487,0.0030027177108856,0.00310655314272459,0.00331255225701931,0.00357614115384451,0.0032385984038686,0.00209894062889418,0.00480081145244779,0.00138657362509444,0.00152321522727243,0.00470407102312227,0.00264848363381032,0.00353455370013762,0.000492561691080381,0.00565317156885751,0.00281057528689087,0.000349336309542569,0.00663086545536285,0.00335908840205312,0.0014749429891751,-0.00592458633213912,0.000531223759378446,-0.000316056172096362,-0.00351546557742405,0.00195985951380813,-0.000697115162504912,-0.00338209514625451,0.00231372130186447,-0.000582661072333165,-0.00342967117737714,0.00250213307173062,0.00176889718581588,-0.00116248148385931,0.0015829384459267,0.00350117167849557,0.00128464157039621,8.09699397717085e-05,0.00498387038695845,0.00331099703658663,-0.00135613259953216,0.00512880527513689,0.00464059319036869,-0.00282888864074592,0.00371852805780464,0.00543241841552741,-0.00469807798109544,0.00306922519900615
"chick_exp_7",0.00824415431627162,0.00305893875919945,0.00886754242390778,0.00526309954705131,0.011021485813598,-0.00061677221549257,-0.00337739031612827,0.00645953407642209,-0.00441807029417213,-0.00482492132239457,-0.00975381909273156,0.00283954436619937,0.00860834031583875,-0.0098198841347763,0.00661061621426559,0.0145438870805936,0.00276300600601938,-0.000357505832263773,0.000461624485475154,-0.0187136060380518,-0.00339053070639005,0.00962038991874938,0.000789112161786162,-0.00240740177157154,-0.000704870763053791,-9.00037588323216e-05,-0.00146115762469471,-0.00724690815501184,-0.00373760053766274,0.0025490438851764,0.00414599888040867,-0.00128941084452168,-0.0107329344759232,0.017214571761182,-8.11578438787708e-05,-0.00320631285754321,-0.00202043452261014,-0.00126319814688437,-0.0010910699975394,-0.00176739896771191,-0.00149623914282941,-0.000213151345170606,-0.00891001791730353,-0.00246573149157872,0.00132150675323411,-0.00653779464263277,-0.00347936924129343,0.00384042585949966,-0.0089768963439088,-0.00237474923244378,0.00486206957119362,-0.0112225836342253,-0.00270464382611402,0.00403565893746705,-0.0126912961027995,-0.00349512649252028,0.00208190086314974,-0.0116017933546367,-0.00303360716622764,0.000976836037656423,-0.00971395716881246,-0.00210934643307661,0.000947205910099932,-0.00606932528133544,-0.000714761323754504,0.000714351088308193,-0.00174492193211698,0.000790679412600168,-0.000163376983489736,0.00182838731399704,0.00154387406180185,-0.00271465115376439,-0.00437718932892978,0.00771925907241289,-0.00333386595132174,-0.00418970669421818,0.0085934841240793,0.000624360992905633,-0.00216428441614297,0.00701866942767308,0.00179899876523435,0.000757244025658549,0.00470355608750424,9.32086048651508e-05,0.00139077851881875,0.00248450279368613,-0.000127626617076302,0.000916529307777664,0.000669479485557318,0.000416448824280464,0.000343147691168028,-0.00105597407090307,0.000273840068046675,-6.77292275281793e-05,-0.00217967971005185,-0.000108222538452491,-0.000239009735575002,-0.00212637372452915,0.00126871808518153,0.00177897025678789,-0.00635062000601677,-0.00440920488995579,0.00511126673050612,-0.00414186602272545,-0.0034425998061518,0.00757034612551444,-0.00172184973163084,-0.000888201903285394,0.00223469616271886,-0.00591960860468304,0.000136212076944628,0.00544707369094918,-0.00458204863499713,-0.00122711487698853,0.0099233963120344,-0.00242617299734195,-0.00113256663610028,0.000690532903942456,-0.00338004222722465,0.00116075195726989,0.00160203218512569,-0.0032629058801857,0.00146324185038318,0.00222676128335313,-0.00286337437592597,0.000411042658494215,-0.00437718932892993,0.00771925907241286,-0.00333386595132169,-0.00418970669421807,0.00859348412407927,0.000624360992905639,-0.00216428441614278,0.00701866942767315,0.00179899876523415,0.000757244025658382,0.00470355608750432,9.32086048651688e-05,0.00139077851881886,0.00248450279368599,-0.000127626617076077,0.000916529307777747,0.000669479485557397,0.000416448824280628,0.000343147691168222,-0.001055974070903,0.000273840068046795,-6.77292275280683e-05,-0.00217967971005179,-0.000108222538453064,-0.000239009735574502,-0.00212637372452919,0.00126871808518126
"chick_exp_8",-0.0110472538530612,0.00362880721959717,0.0037596304184237,0.00863929817295622,0.00328491814687666,0.00377644255669087,0.0012988086131437,-0.000855843015968381,-0.00253167394386237,-0.00745518286230692,-0.00658781731553506,0.000983297491327781,-0.00200013269354492,-0.0133199948260496,0.00396622136480871,-0.000678855512705606,-0.008279255003277,0.00124178455930155,0.00181099207171813,-0.00664573247527839,0.00538625566338616,-0.00265436581901113,-0.00407786731506624,0.00192066344733319,0.00800160005546953,-0.00341266515406641,-0.00207292174550105,0.00653415813237446,0.000916495618731167,0.0033176750858176,0.0102760360466566,0.00508387264422487,-0.00232120971365645,-0.0104015569193779,0.00445194372204981,-0.00705282977724958,0.00631368055399709,0.000476345706383371,-0.00325719754821448,9.0859825938647e-05,0.00228928566257202,-0.00160272419043769,0.000465862460080665,0.00208535850816079,-0.00192743746692265,-0.00565412498298651,-0.00386938190432611,0.0018023544995959,-0.00270089386046224,-0.00346566443920711,0.00221215275031727,0.00037152080220601,-0.00232792532751337,0.00143786447693909,0.00296183721618612,-0.00151284494067008,0.00256656995987862,0.00297627219465971,0.000336612419540881,0.00166053208281009,0.00188669430573965,0.00185070150144301,0.00107305719747573,0.00179637322093873,0.00314867952840919,-0.000493461267641917,0.0023123742985037,0.00440769913516071,-0.000811929653403864,0.0022440513412588,0.00576230453237348,0.00103741262034573,0.00106270417631291,-0.0024365880919046,-0.000914766869073074,-0.000373004159370166,-0.00206259665368007,-0.00125060681149802,-0.00101755358673516,-0.00117385722104461,-0.000210331813565482,-0.000104850721322464,-0.00109774201785096,0.000731093894085318,-0.000167887281266793,-8.59773001923442e-05,0.000397047367751126,-0.00150932048422117,0.00139987077742278,-0.00131745239431016,-0.00251092171669101,0.00222431797470022,-0.00104734816052158,-0.00307087104904699,0.00253332109024472,0.000208988413902943,-0.00298627239096655,0.00299805088890791,-0.000349192735021715,-0.00566018625177778,-0.00114513793800201,-0.00146247096131611,-0.00627462572202422,0.0011457161477211,-0.0019869474808009,-0.00635332961396887,0.00161127160456839,-0.00236377755506215,-0.00442633097622532,-0.000132359612417528,-4.17891371392309e-05,-0.00644506094628534,0.00269538226205544,-0.00299635024642838,-0.00855826070290835,0.0042880164821752,-0.00489476259348226,0.000333816377460577,4.46272239334328e-06,-0.00165410602406173,-0.00288163276850856,0.00216857575413225,-0.00334802401020175,-0.0045587833025627,0.00289617894937831,-0.0044999034472071,0.00106270417631286,-0.00243658809190458,-0.000914766869073063,-0.00037300415937018,-0.00206259665368003,-0.00125060681149805,-0.00101755358673489,-0.00117385722104456,-0.00021033181356551,-0.000104850721322741,-0.00109774201785084,0.000731093894085363,-0.000167887281266738,-8.59773001923754e-05,0.000397047367751131,-0.00150932048422095,0.00139987077742283,-0.0013174523943102,-0.00251092171669101,0.00222431797470015,-0.00104734816052162,-0.00307087104904694,0.0025333210902447,0.000208988413902751,-0.00298627239096638,0.00299805088890796,-0.000349192735021753
"chick_exp_9",0.0032678692608995,0.000290465455658667,0.00144988937231228,-0.00497936383637196,0.000974618898680099,0.000518449080129105,-0.000748226225602805,0.00898745685005523,-0.00142302015536329,-0.00688069145992981,-0.000866434540160645,-0.00297160308131074,-0.00334606224925202,-0.000267502133690492,-0.00523315487635983,-0.00197489785182262,0.000557989234863041,0.00210575890771818,-0.00188634344322534,0.00145071286500703,-0.00276416278355746,-0.00239398080924416,0.0032680183744024,0.00171458087835127,0.0150220642263418,0.0128086317318812,-0.000783792692256182,0.0154718022401164,-0.00127835257398645,-0.00245976365418358,0.00174132413215992,0.0033341302400583,-0.00619846306533793,-0.00289158382335718,0.00250567005131307,0.00432926810864533,0.0172615434336643,0.00885287687341411,-0.00360166196398804,0.0164450039530507,0.00549958813490422,-0.00652197913078375,0.0173261394301881,0.00272006732955104,-0.00471219244628362,-0.00343128806654536,-0.00604121351663756,-0.00359633875618152,-0.00239416618485366,-0.00562361339934206,-0.00197055235225008,0.00046856513901658,-0.00393983577413572,-7.10163089381287e-05,0.00155046069534712,-0.00262954654755013,0.00118488337929808,0.00185361088691507,-0.00158056449642165,0.00176350022482681,0.00100969054073302,-0.000837628338230445,0.00138146963259127,-0.000732629436113075,-0.000578303553176219,0.00167750426129993,-0.00276347641011782,-0.000662092195929359,0.00319729391090382,-0.00411174524656752,-0.00099010134005828,0.00182081016666097,-0.00221265482024528,-0.00441489413301198,-0.00206890990215292,-0.00321933785135008,-0.00118748196021687,0.000370802344929824,-0.00455845447988368,0.00181687042060007,0.00154073780098454,-0.00418515899144842,0.00337040042218516,0.00205593089299424,-0.00305650220429207,0.00331957835895681,0.00210594567663167,-0.00111915813903227,0.00224544138326744,0.00285347378855892,0.000781033292521299,0.000547035802405317,0.00191825340070347,0.00208070835936963,-0.00157566739292715,0.00204206992842168,0.0026550091614114,-0.00346775362752089,0.001014875416242,-0.00156447934070957,0.00221336244044803,0.000204407194857933,-0.000957018165032644,0.00282043459882095,0.000855905512246835,-0.00212805614521601,0.00250698228893895,0.00125586958779298,0.0029737529190768,0.00444065512870159,0.000639753539053226,0.00177324156878698,0.00423290987715237,0.00290380201508992,-0.000522419062975787,0.00389493187207382,0.00515942248466381,0.0109344435808253,0.00725093955501924,-0.00110808417972445,0.00995581555368086,0.00506646911441804,-0.00253671463297525,0.00862209033427749,0.0029686141550695,-0.00148077354890511,-0.00221265482024562,-0.00441489413301197,-0.00206890990215286,-0.00321933785135009,-0.00118748196021702,0.000370802344929855,-0.00455845447988279,0.00181687042060018,0.00154073780098439,-0.00418515899144881,0.00337040042218527,0.00205593089299449,-0.00305650220429196,0.00331957835895669,0.00210594567663202,-0.00111915813903257,0.00224544138326733,0.00285347378855899,0.000781033292521549,0.000547035802405293,0.00191825340070364,0.00208070835936985,-0.00157566739292712,0.00204206992842041,0.00265500916141229,-0.00346775362752085,0.00101487541624133
